epoch,time,train/box_loss,train/cls_loss,train/dfl_loss,metrics/precision(B),metrics/recall(B),metrics/mAP50(B),metrics/mAP50-95(B),val/box_loss,val/cls_loss,val/dfl_loss,lr/pg0,lr/pg1,lr/pg2
1,102.95,1.50027,3.13574,1.36063,0.00806,0.96667,0.42148,0.30268,0.90069,3.13504,0.90098,0.00034,0.00034,0.00034
2,202.037,1.09874,1.84843,1.08975,1,0.22316,0.58633,0.39779,1.06611,2.81412,0.95558,0.00068614,0.00068614,0.00068614
3,279.388,1.08996,1.45621,1.11316,1,0.2288,0.59254,0.4115,1.03176,2.69237,0.97255,0.00101802,0.00101802,0.00101802
4,322.633,1.14769,1.4391,1.11649,0.8766,0.45,0.60911,0.40143,1.18882,2.5237,1.0484,0.00133565,0.00133565,0.00133565
5,367.982,1.05855,1.35799,1.08942,0.88159,0.56667,0.65085,0.4712,1.08613,2.3325,1.02654,0.00163902,0.00163902,0.00163902
6,411.075,1.07464,1.31148,1.10582,0.92522,0.41256,0.61126,0.43827,1.17969,2.40656,1.19742,0.001802,0.001802,0.001802
7,448.89,1.06979,1.20234,1.06951,1,0.32137,0.50767,0.34287,1.18506,2.66011,1.25578,0.0017624,0.0017624,0.0017624
8,487.135,1.0046,1.24139,1.081,0.85192,0.57543,0.76199,0.54809,1.06868,2.05058,1.08624,0.0017228,0.0017228,0.0017228
9,527.099,1.01956,1.16349,1.0761,0.81948,0.75669,0.84374,0.57154,1.1356,1.60843,1.14381,0.0016832,0.0016832,0.0016832
10,566.658,0.98076,1.13824,1.05753,0.85438,0.81667,0.87504,0.60987,1.03965,1.57669,1.05606,0.0016436,0.0016436,0.0016436
11,608.173,0.9086,1.0162,1.00128,0.76046,0.79372,0.83934,0.5862,1.01647,1.60156,1.05031,0.001604,0.001604,0.001604
12,644.689,0.96164,1.04429,1.02856,0.86754,0.76415,0.8946,0.63682,0.98967,1.23648,1.01372,0.0015644,0.0015644,0.0015644
13,682.537,0.92145,1.01713,1.01055,0.90763,0.78333,0.90514,0.63927,0.95117,1.16741,1.01057,0.0015248,0.0015248,0.0015248
14,722.433,0.8881,0.89324,1.00784,0.86392,0.86667,0.89798,0.64816,0.9276,1.16349,0.98139,0.0014852,0.0014852,0.0014852
15,761.928,0.89778,0.94009,1.01918,0.8641,0.85,0.89939,0.6358,0.94831,1.06789,0.98532,0.0014456,0.0014456,0.0014456
16,801.641,0.88903,0.92563,1.00321,0.92708,0.84758,0.92434,0.69651,0.88521,1.00055,0.97047,0.001406,0.001406,0.001406
17,839.763,0.85953,0.88616,0.99555,0.94421,0.84624,0.92592,0.68896,0.87409,0.95742,0.96173,0.0013664,0.0013664,0.0013664
18,878.334,0.87369,0.84928,1.00874,0.8879,0.83333,0.89686,0.65821,0.89057,0.96098,0.97025,0.0013268,0.0013268,0.0013268
19,915.457,0.83044,0.79381,0.97282,0.90891,0.83157,0.92129,0.673,0.91475,0.92471,0.98027,0.0012872,0.0012872,0.0012872
20,951.772,0.86764,0.82543,1.00614,0.94371,0.85,0.9311,0.69748,0.90115,0.91672,0.96275,0.0012476,0.0012476,0.0012476
21,988.303,0.82198,0.79671,0.97582,0.94235,0.81739,0.90955,0.68163,0.90849,0.93521,0.95991,0.001208,0.001208,0.001208
22,1026.83,0.86775,0.82046,1.01291,0.92942,0.87789,0.92052,0.69211,0.8808,0.92925,0.95911,0.0011684,0.0011684,0.0011684
23,1065.37,0.82746,0.80521,0.99853,0.94119,0.83333,0.90206,0.69065,0.87586,0.89212,0.97488,0.0011288,0.0011288,0.0011288
24,1104.17,0.85214,0.8157,1.00724,0.97464,0.81667,0.89926,0.709,0.81055,0.84293,0.94848,0.0010892,0.0010892,0.0010892
25,1145.14,0.80744,0.76468,0.98358,0.9224,0.83333,0.88799,0.65854,0.90774,0.82808,0.98659,0.0010496,0.0010496,0.0010496
26,1186.83,0.81603,0.68687,1.00029,0.90961,0.83867,0.91985,0.72018,0.81987,0.79117,0.94393,0.00101,0.00101,0.00101
27,1226.77,0.77422,0.71578,0.98319,0.94384,0.84031,0.93254,0.71493,0.84877,0.81476,0.95321,0.0009704,0.0009704,0.0009704
28,1265.94,0.77975,0.6932,0.95885,0.89766,0.87724,0.92314,0.67487,0.88503,0.84808,0.97378,0.0009308,0.0009308,0.0009308
29,1306.18,0.76778,0.67017,0.96004,0.86672,0.91667,0.92018,0.68998,0.80894,0.83076,0.93453,0.0008912,0.0008912,0.0008912
30,1347.99,0.8013,0.68184,0.96007,0.91467,0.89339,0.94387,0.70877,0.78322,0.76183,0.92926,0.0008516,0.0008516,0.0008516
31,1390.47,0.78668,0.67942,0.9598,0.92751,0.86667,0.93245,0.69389,0.75857,0.72755,0.92031,0.000812,0.000812,0.000812
32,1429.43,0.73494,0.6477,0.95328,0.89482,0.88333,0.91635,0.68833,0.78466,0.78015,0.93555,0.0007724,0.0007724,0.0007724
33,1469.56,0.72191,0.62184,0.94503,0.93839,0.83333,0.918,0.68984,0.79171,0.75215,0.93473,0.0007328,0.0007328,0.0007328
34,1507.69,0.70215,0.6297,0.94182,0.90138,0.91403,0.92797,0.71351,0.7643,0.69472,0.91907,0.0006932,0.0006932,0.0006932
35,1546.35,0.7114,0.62181,0.9367,0.91684,0.91883,0.96344,0.7209,0.79862,0.69874,0.92958,0.0006536,0.0006536,0.0006536
36,1583.69,0.6848,0.62351,0.94144,0.9308,0.8968,0.95691,0.72387,0.75837,0.68445,0.91264,0.000614,0.000614,0.000614
37,1621.26,0.70546,0.59028,0.91901,0.96061,0.81297,0.92984,0.7108,0.76031,0.71549,0.91908,0.0005744,0.0005744,0.0005744
38,1658.74,0.71378,0.61392,0.94257,0.8687,0.88219,0.87825,0.68573,0.8141,0.73703,0.92285,0.0005348,0.0005348,0.0005348
39,1695.78,0.72715,0.61263,0.94661,0.84917,0.88333,0.87132,0.68989,0.76671,0.72336,0.90745,0.0004952,0.0004952,0.0004952
40,1733.15,0.68214,0.61346,0.93297,0.88074,0.9,0.92957,0.68438,0.79591,0.70281,0.91269,0.0004556,0.0004556,0.0004556
41,1770.69,0.59895,0.56467,0.8837,0.95857,0.83333,0.94023,0.71939,0.78501,0.68437,0.9086,0.000416,0.000416,0.000416
42,1808.15,0.58073,0.55147,0.87018,0.93836,0.81667,0.90438,0.72552,0.7596,0.69246,0.89858,0.0003764,0.0003764,0.0003764
43,1845.7,0.58152,0.55374,0.8686,0.95322,0.81667,0.90346,0.72364,0.78139,0.70644,0.91464,0.0003368,0.0003368,0.0003368
44,1883.35,0.60513,0.58375,0.86882,0.95611,0.83333,0.91934,0.7157,0.79597,0.70846,0.92834,0.0002972,0.0002972,0.0002972
45,1920.11,0.60322,0.54047,0.87652,0.92295,0.81667,0.90132,0.70974,0.79631,0.68952,0.92481,0.0002576,0.0002576,0.0002576
46,1958.42,0.56598,0.52595,0.87342,0.92578,0.83155,0.90158,0.72076,0.74209,0.66452,0.90536,0.000218,0.000218,0.000218
47,1996.35,0.54032,0.50654,0.8571,0.92548,0.82803,0.90287,0.72487,0.7168,0.6499,0.89745,0.0001784,0.0001784,0.0001784
48,2035.19,0.52438,0.50697,0.85903,0.93569,0.81667,0.89699,0.7205,0.71926,0.64477,0.89544,0.0001388,0.0001388,0.0001388
49,2072.83,0.56019,0.50213,0.87296,0.96135,0.82924,0.92325,0.73259,0.72365,0.63942,0.8953,9.92e-05,9.92e-05,9.92e-05
50,2110.65,0.52307,0.48501,0.84644,0.89735,0.87421,0.92183,0.72194,0.72061,0.63927,0.89343,5.96e-05,5.96e-05,5.96e-05
